,r,i,v,b,g
DEC,"[42.7131, 42.7645091, 42.703497, 42.6863565, 42.8188866, 42.7246391, 42.7979143, 42.6800865, 42.7205222, 42.7001379, 42.820278, 42.8240584, 42.6754447, 42.7049759, 42.8454453, 42.7837346, 42.7137243, 42.829732, 42.7474719, 42.7004007, 42.7580711, 42.7711335, 42.8304077, 42.8550339, 42.826082, 42.7602196, 42.7802404, 42.6993315, 42.8800507, 42.7779662, 42.7471183, 42.8664675, 42.8805302, 42.8560937, 42.7863795, 42.6450621, 42.7531771, 42.8322894, 42.8437209, 42.7033491, 42.7074375, 42.828507, 42.7658072, 42.7962643, 42.8507576, 42.7834449, 42.7483733, 42.6549372, 42.6839522, 42.814881, 42.7918546, 42.7898343, 42.7675912, 42.7379006, 42.6733633, 42.8134861, 42.8914964, 42.7956635, 42.7177099, 42.6418355, 42.7438292, 42.6511666, 42.6885635, 42.7706312, 42.8605819, 42.7157378, 42.7140045, 42.7274783, 42.8180813, 42.8168545, 42.7057292, 42.7717184, 42.6513598, 42.8792223, 42.7000689, 42.6281373]","[42.713079, 42.7644903, 42.7035254, 42.6863313, 42.8189216, 42.72466, 42.7979791, 42.6800985, 42.7205746, 42.7001354, 42.8202868, 42.824085, 42.6754861, 42.7049857, 42.8454911, 42.7838318, 42.713713, 42.8297635, 42.7474796, 42.7004208, 42.7580723, 42.7711827, 42.8304203, 42.8549856, 42.8260899, 42.7602299, 42.78026, 42.6993209, 42.8800645, 42.777952, 42.7471262, 42.8664645, 42.8805665, 42.8560908, 42.7863839, 42.6450197, 42.7531838, 42.83227, 42.8436586, 42.7033425, 42.7074398, 42.8284962, 42.7658071, 42.7962473, 42.8507681, 42.7834689, 42.7483673, 42.6549264, 42.6839772, 42.8148991, 42.7918487, 42.7898237, 42.7676071, 42.7379076, 42.673365, 42.813481, 42.8914973, 42.7956864, 42.7177781, 42.6418484, 42.7438119, 42.6511276, 42.688544, 42.7706477, 42.8605369, 42.715737, 42.714026, 42.7275385, 42.8180869, 42.8168742, 42.7057189, 42.7717262, 42.6513829, 42.8791843, 42.7000369, 42.6281972]","[42.7130175, 42.7645167, 42.7035154, 42.6863829, 42.8190932, 42.7247118, 42.7980954, 42.6800862, 42.7205616, 42.7001412, 42.8204471, 42.8242336, 42.6754442, 42.7049832, 42.8456689, 42.7839091, 42.7137264, 42.8298974, 42.7475294, 42.7004167, 42.7581388, 42.7712196, 42.8305556, 42.8551501, 42.8262242, 42.7602583, 42.7803254, 42.6992858, 42.8802176, 42.7780194, 42.747147, 42.8666033, 42.8806935, 42.8561889, 42.7864481, 42.6448876, 42.7532095, 42.8324066, 42.8439035, 42.7032942, 42.7073996, 42.82864, 42.7658497, 42.7963559, 42.8509011, 42.7835004, 42.7483788, 42.6548113, 42.6838434, 42.8149823, 42.791896, 42.7898693, 42.7676136, 42.7378658, 42.6732653, 42.8135649, 42.8916461, 42.7957047, 42.7176553, 42.6417338, 42.7437935, 42.6510311, 42.6884494, 42.7706418, 42.8606858, 42.7156798, 42.7139445, 42.7274841, 42.8181446, 42.8168991, 42.7056403, 42.7717111, 42.6512125, 42.8793242, 42.6999564, 42.6280792]","[42.7131536, 42.7645625, 42.7035398, 42.686485, 42.8189808, 42.7246724, 42.7980512, 42.6801589, 42.7205148, 42.7002026, 42.8203253, 42.8241233, 42.6755515, 42.7050585, 42.8455119, 42.7837823, 42.7137268, 42.8297667, 42.7474892, 42.7003723, 42.7581096, 42.7712177, 42.8304898, 42.855093, 42.8261199, 42.7602104, 42.7802919, 42.6993623, 42.8800478, 42.7779844, 42.7471398, 42.8664616, 42.8805455, 42.8561107, 42.7864058, 42.6450428, 42.7532095, 42.8323056, 42.843855, 42.7033498, 42.7074559, 42.8284894, 42.7658435, 42.7962763, 42.8508096, 42.7834544, 42.748388, 42.6549827, 42.6839796, 42.8148865, 42.7918435, 42.7898246, 42.7675955, 42.737892, 42.6734032, 42.8135055, 42.8917646, 42.7957354, 42.7176724, 42.641888, 42.7438314, 42.6511667, 42.6885831, 42.7706497, 42.8605917, 42.7157548, 42.713761, 42.7275611, 42.8180479, 42.8168851, 42.7057452, 42.7717124, 42.6511428, 42.879197, 42.6997866, 42.6281969]","[42.71299278770965, 42.764400180584495, 42.70348585133267, 42.68629704984498, 42.81889658099008, 42.724618918124, 42.797903824231916, 42.680048554149714, 42.72049248558593, 42.70006569734813, 42.82027628578421, 42.8240537007431, 42.67537285184478, 42.70490025420465, 42.84544428975202, 42.783751977441, 42.71364468075417, 42.82971489560727, 42.747429789641906, 42.7003063756261, 42.75804396955602, 42.77112851840901, 42.830357034025695, 42.85487713303622, 42.826033956696506, 42.76013370404234, 42.780191107621924, None, 42.88003030593175, 42.77792952805327, 42.74706469977801, 42.86645226730637, 42.88051328770857, 42.85610423932463, 42.78634738855989, 42.644990741794885, 42.75310838054109, 42.83226225918922, 42.84371151093076, 42.70322176529918, 42.70739150081594, 42.82851231829039, 42.76575185123858, 42.79624678231643, 42.85072307235162, 42.78340093139458, 42.74830920948911, 42.65484199049536, 42.683848131375015, 42.814829684632166, 42.79181976799275, 42.789786836334045, 42.7675348945523, 42.73789941464849, 42.673272628204764, 42.813424936491565, 42.89143363038337, 42.79561089252138, 42.717606371750485, 42.64173386208104, 42.743733947529314, 42.65103847047865, 42.688456975272366, 42.77058091426563, 42.860537383525475, 42.71567219288517, 42.7138924017508, 42.727407490170606, 42.8180378438271, 42.816789706029695, 42.7056398849371, 42.7716283941714, 42.65120519231332, 42.87919685400994, 42.69996635573973, 42.62808937948856]"
ID,,,,,"[337164003707585920, 337165584255547008, 337172662361656320, 337172288701093632, 337175552875965824, 337173525651437568, 337175415437021824, 337172323060610944, 337173113334580224, 337173078974848000, 337178439093990656, 337178503517166208, 337172975895643648, 337173147694323968, 337178537876901888, 337176824186301440, 337173353852753280, 337177236503146624, 337176377509719424, 337173216413805312, 337176446229194752, 337176648091300736, 337177923697917696, 337178091200302592, 337177889338182400, 337176549308410752, 337177373942124672, None, 337190014029514240, 337177404005543552, 337153837521356928, 337189979669777024, 337190018325811456, 337177850682133760, 337177408301862784, 337152153894211712, 337153837521355520, 337177820618707712, 337189571649224832, 337152566211055104, 337153322125297408, 337177717539493504, 337154112399259008, 337154215478462720, 337189640368700416, 337154181118730752, 337153974960313344, 337152394412380032, 337153184686353280, 337165966508978688, 337165932149250176, 337165829070036608, 337154073743193088, 337153597003194624, 337153146030266752, 337166000868718592, 337190666871477760, 337165893493188096, 337153459564251520, 337151638498142464, 337153631361117952, 337151604138401024, 337151943439422208, 337165481176331008, 337167066020594304, 337153493924213888, 337153493923993344, 337165275017903744, 337166172667412096, 337166134011354624, 337163733124237824, 337165657269539712, 337151840360210688, 337167370961929600, 337163698766295936, 337124936685069824]"
RA,"[40.3901113, 40.3942502, 40.7324661, 40.7274825, 40.7340655, 40.7139869, 40.7139707, 40.6991985, 40.6946277, 40.6886506, 40.6905419, 40.6864976, 40.6768419, 40.6793599, 40.68691, 40.6692583, 40.6577418, 40.6627078, 40.6439736, 40.6389327, 40.6135543, 40.6155243, 40.6136245, 40.6097012, 40.6022123, 40.5922306, 40.5788015, 40.5548538, 40.5686399, 40.5560297, 40.5540039, 40.5601629, 40.5608986, 40.5589975, 40.550497, 40.5340871, 40.5420861, 40.5441182, 40.5440222, 40.5274544, 40.5240402, 40.5391783, 40.5266707, 40.528562, 40.5235592, 40.5122669, 40.5073581, 40.4951129, 40.498143, 40.5017156, 40.4934334, 40.4863836, 40.4932768, 40.4904642, 40.4767612, 40.4909248, 40.4945892, 40.4777987, 40.4694675, 40.4602717, 40.4677575, 40.4500982, 40.4494678, 40.451981, 40.461797, 40.4461185, 40.4414142, 40.4474312, 40.4521423, 40.4396463, 40.4166028, 40.4224141, 40.4102894, 40.4154068, 40.392796, 40.7389961]","[40.390148, 40.3942884, 40.7325279, 40.7275455, 40.7340914, 40.7140419, 40.7139977, 40.6992681, 40.6946647, 40.6887336, 40.6905616, 40.6865316, 40.6768833, 40.6794548, 40.6869422, 40.6692961, 40.6577818, 40.6627049, 40.6439942, 40.6390011, 40.6135861, 40.6155788, 40.6135287, 40.6095907, 40.6021967, 40.592252, 40.5787798, 40.5549015, 40.5685846, 40.5560342, 40.5540378, 40.5601295, 40.5608596, 40.5589687, 40.5504917, 40.5341288, 40.5421228, 40.5440993, 40.5441507, 40.5275308, 40.5241147, 40.5391829, 40.5266995, 40.5285835, 40.5235152, 40.5122819, 40.5074033, 40.4951843, 40.4981689, 40.5017297, 40.4934539, 40.4864142, 40.493295, 40.4904977, 40.476826, 40.4909264, 40.4946488, 40.477812, 40.4695406, 40.4603443, 40.4678223, 40.4501186, 40.4495156, 40.4520128, 40.4617928, 40.4461868, 40.441423, 40.4475015, 40.4521704, 40.4396513, 40.4166356, 40.4224268, 40.4103803, 40.4153735, 40.3928655, 40.7390805]","[40.3901505, 40.3942742, 40.7325619, 40.727445, 40.7341795, 40.7140331, 40.7140485, 40.6992034, 40.6946626, 40.6886615, 40.6906467, 40.6865974, 40.6768461, 40.6794089, 40.6870688, 40.6693633, 40.6577558, 40.6627918, 40.6440023, 40.6389126, 40.6135659, 40.61556, 40.6136608, 40.6097585, 40.6022553, 40.5922608, 40.5788059, 40.5548341, 40.5687236, 40.5560625, 40.554031, 40.5602576, 40.5609946, 40.5590776, 40.550535, 40.5340155, 40.5421213, 40.5441842, 40.5441304, 40.5274517, 40.5240464, 40.5391993, 40.5266934, 40.5286247, 40.5236082, 40.5122967, 40.5073897, 40.4950958, 40.4980843, 40.5018243, 40.4935076, 40.4864583, 40.4933094, 40.490504, 40.4767448, 40.49103, 40.4946604, 40.4778816, 40.4694283, 40.4602386, 40.4677761, 40.4500419, 40.4494651, 40.4520591, 40.4619034, 40.4461452, 40.4414469, 40.4474889, 40.4522528, 40.4397383, 40.416614, 40.4224639, 40.4102301, 40.4155222, 40.3927585, 40.7389571]","[40.3901144, 40.3941707, 40.7327713, 40.7274012, 40.7341424, 40.7140513, 40.7138784, 40.6992417, 40.6946544, 40.6886925, 40.6906369, 40.6865533, 40.6768888, 40.6794681, 40.6870192, 40.6693803, 40.6577559, 40.6627499, 40.6440177, 40.6389214, 40.6135643, 40.6155833, 40.6134823, 40.6097311, 40.6021751, 40.5922436, 40.5788005, 40.554924, 40.5686423, 40.5560192, 40.5540112, 40.5601653, 40.5609022, 40.5589779, 40.5505037, 40.5340536, 40.5421236, 40.5441328, 40.5439911, 40.5274233, 40.5240618, 40.5390975, 40.5266527, 40.5285155, 40.5235701, 40.5122179, 40.5073611, 40.4951166, 40.4982008, 40.5017088, 40.4934425, 40.4863883, 40.4932624, 40.4905551, 40.4767683, 40.491118, 40.4945588, 40.4778582, 40.4695182, 40.4603786, 40.4677471, 40.4500514, 40.4494851, 40.4519907, 40.4617818, 40.4461224, 40.44122, 40.4473457, 40.4522481, 40.4396249, 40.4166011, 40.4224145, 40.4105205, 40.4153628, 40.3926932, 40.7392212]","[40.39013661971836, 40.39425538532705, 40.732545944459915, 40.727596574583615, 40.7341543539816, 40.7141000545705, 40.714042338028015, 40.69927674022755, 40.69473518281373, 40.68873924784104, 40.69062454385164, 40.68655407500199, 40.67687640272038, 40.679430486894, 40.68696755371442, 40.66932347690904, 40.6578191351673, 40.66275249459271, 40.644045877277755, 40.63904389176815, 40.61360560456992, 40.61560277252408, 40.61367672992982, 40.6097688463932, 40.60219084708198, 40.59228414796736, 40.57884074561054, None, 40.568643038763035, 40.556082557507, 40.55402097899317, 40.56015662019265, 40.56085773905225, 40.55899385452378, 40.55055627130481, 40.534124483064616, 40.54210222792657, 40.54415663176536, 40.54398189625681, 40.527492081958606, 40.524071294619475, 40.539160795459324, 40.52669446314544, 40.52863730755716, 40.52354490215712, 40.512327982001715, 40.507381459809935, 40.49518039581339, 40.498175486747904, 40.50178079790693, 40.49350797569965, 40.48643121609445, 40.493321436616185, 40.49033561033182, 40.476811207198566, 40.4911570242362, 40.49456657326677, 40.47782734604233, 40.46941425001991, 40.460302164028725, 40.46779219872438, 40.450136456046486, 40.44952822911924, 40.4520216751179, 40.461806317506195, 40.44615370834169, 40.44141000551354, 40.44747916465794, 40.45217075285815, 40.439667203441665, 40.41663598226982, 40.42242324502674, 40.410278194940865, 40.41541529973365, 40.39277128787749, 40.73908902171304]"
dist,,,,,"[0.00010602478068695197, 0.00010737120913809546, 5.092724178435967e-05, 9.48370145299604e-05, 5.773323558644165e-05, 7.675247692887648e-05, 4.480030878829685e-05, 6.0862313395100284e-05, 7.570844257529926e-05, 9.036712969321607e-05, 5.198351597896103e-05, 3.292442153373192e-05, 7.212960876367986e-05, 8.567020193272815e-05, 3.3569739128249074e-05, 4.358877060700558e-05, 9.162892504994518e-05, 2.864678087070712e-05, 6.007848547516919e-05, 0.00011799699380723913, 3.8608984160000646e-05, 4.907928544789335e-05, 5.7269844936966114e-05, 0.00016040403981049597, 5.237979701416124e-05, 8.963221986084237e-05, 5.171137707656329e-05, None, 1.976282027044132e-05, 4.62003540239385e-05, 5.207342775220944e-05, 1.8950996806818728e-05, 4.147967275917967e-05, 1.6645571561937466e-05, 4.627945654225906e-05, 7.219378725090562e-05, 6.712383884335959e-05, 3.210434370603059e-05, 3.896078518830079e-05, 0.00012710027399645435, 4.6551026411256166e-05, 2.2584563064115355e-05, 5.4395890213690595e-05, 4.924030128737554e-05, 3.8015711569527694e-05, 5.566913504369289e-05, 6.300005396725008e-05, 0.00010213324589895753, 0.00010352914830024935, 6.324965417749056e-05, 5.677939196031932e-05, 5.2813732170127834e-05, 5.972918115043852e-05, 0.00010308474691567459, 9.334497060204622e-05, 0.00017231146434989905, 6.610099581009844e-05, 5.2424795507177084e-05, 0.00011250518900598115, 0.0001009179462277768, 9.509147622647663e-05, 0.0001279608660501973, 0.00011079783136822653, 5.3051130231777305e-05, 4.289069389820649e-05, 6.622508223813453e-05, 0.00011105669481356624, 7.408525137267678e-05, 4.3546157530859837e-05, 6.348609622258029e-05, 8.90583021108123e-05, 8.836689427823821e-05, 0.00015387781230724351, 2.3908708352129335e-05, 0.00010438682034557211, 7.553322457164291e-05]"
mag,"[-14.1179, -13.1412, -12.8288, -12.7234, -15.1214, -14.3099, -13.3154, -15.4683, -13.2601, -14.7176, -17.1066, -15.7339, -13.3309, -13.2894, -13.5685, -12.9858, -13.7327, -14.6355, -14.5718, -13.2271, -16.4652, -13.8516, -13.1687, -12.3466, -14.4044, -16.7634, -13.657, -17.261, -14.6203, -16.762, -16.016, -16.437, -15.5568, -14.0938, -15.911, -12.9959, -14.8298, -16.5643, -12.5793, -13.8199, -17.0295, -13.2705, -15.2738, -13.534, -13.6428, -14.1126, -16.1831, -14.6596, -13.0514, -13.3429, -16.9569, -16.9308, -14.1114, -13.4231, -15.3335, -13.5974, -12.4305, -13.8741, -12.6109, -13.9995, -13.8764, -13.2354, -14.0364, -16.6379, -14.5914, -14.8589, -13.0706, -13.0168, -13.3589, -13.609, -15.2466, -15.5274, -12.8568, -15.4479, -13.1342, -12.9581]","[-14.007, -12.7658, -12.5016, -12.3941, -14.4974, -13.9261, -13.2252, -14.844, -12.8176, -14.2143, -16.4988, -15.1097, -12.9431, -12.9415, -13.2269, -12.5276, -13.3684, -14.1964, -14.2297, -12.8364, -15.852, -13.3429, -13.0154, -12.2001, -14.2747, -16.1856, -13.318, -16.6797, -14.1385, -16.1904, -15.3619, -15.8447, -15.0192, -13.7484, -15.2967, -12.6781, -14.2763, -16.3343, -12.2276, -13.4373, -16.4419, -13.0984, -14.7764, -13.2534, -13.0748, -13.5285, -15.6062, -14.1966, -12.6753, -12.8761, -16.3729, -16.3204, -13.6658, -13.2138, -15.1903, -13.2804, -11.7625, -13.6753, -12.163, -14.0582, -13.446, -12.845, -13.639, -16.0242, -14.1088, -14.4653, -12.8143, -12.7052, -12.8599, -13.199, -15.126, -14.9098, -12.2823, -14.8949, -12.7924, -12.3655]","[-13.3956, -12.6167, -12.1263, -11.9887, -14.8176, -13.8176, -12.6962, -15.1638, -12.6865, -14.3, -16.9084, -15.4492, -12.746, -12.7242, -12.991, -12.3854, -13.2004, -14.1903, -14.1603, -12.6744, -16.2808, -13.3328, -12.6005, -11.924, -13.649, -16.5766, -13.1259, -17.0836, -14.1952, -16.5811, -15.7866, -16.2381, -15.245, -13.5113, -15.6716, -12.4559, -14.4545, -15.9725, -11.9209, -13.2584, -16.866, -12.5181, -14.9217, -13.0312, -13.1502, -13.7663, -15.9458, -14.2728, -12.4814, -12.6754, -16.7806, -16.749, -13.6469, -12.6914, -14.6118, -13.0301, -11.8133, -13.3477, -12.1191, -13.0508, -13.3753, -12.7192, -13.4885, -16.4629, -14.1798, -14.4801, -12.4466, -12.4885, -12.8552, -13.1234, -14.5039, -15.2393, -12.1745, -15.1744, -12.4752, -12.2223]","[-12.5087, -12.3229, -11.3246, -11.4856, -15.0534, -13.7367, -12.3617, -15.3832, -12.3703, -14.3177, -17.1432, -15.7015, -12.2531, -12.5113, -12.6261, -12.0677, -12.9476, -14.1258, -14.1839, -12.4355, -16.529, -13.0848, -12.1807, -11.7018, -12.8972, -16.8031, -12.8208, -17.3354, -14.1731, -16.7928, -16.0415, -16.4882, -15.4275, -13.1084, -15.9319, -12.1482, -14.4881, -15.0571, -11.4825, -13.3184, -17.1143, -12.0887, -15.0123, -12.8139, -12.9241, -13.8479, -16.1474, -14.3193, -12.0133, -12.1888, -17.0107, -16.986, -13.4886, -11.8154, -13.8776, -12.701, -11.529, -13.1544, -11.8288, -11.8034, -13.1885, -12.4117, -13.1807, -16.7272, -14.1915, -14.4968, -11.7436, -12.1663, -12.637, -12.9272, -13.7162, -15.4258, -11.0695, -15.389, -11.6258, -11.5869]","[12.0100155, 12.870287, 13.188314, 13.179166, 10.9101925, 11.738579, 12.808669, 10.604108, 12.714427, 11.32046, 8.249465, 10.288737, 12.707199, 12.729845, 12.443459, 13.0214405, 12.238515, 11.383089, 11.435862, 12.699638, 9.312699, 12.233851, 12.773405, 13.869157, 11.6680565, 8.872074, 12.394317, None, 11.408614, 8.802774, 9.923235, 9.307584, 10.440701, 11.961855, 10.018776, 12.983199, 11.145508, 9.35279, 13.523145, 12.334158, 8.324035, 13.085924, 10.701713, 12.339784, 12.382146, 11.759975, 9.705938, 11.411084, 13.05089, 12.660326, 8.4606695, 8.5168295, 11.83637, 12.7765875, 10.858964, 12.6116905, 13.687228, 12.191734, 13.307842, 12.104058, 12.088861, 12.782405, 12.064829, 8.993172, 11.428344, 11.191233, 13.050076, 13.007686, 12.651826, 12.453591, 10.945272, 10.45006, 13.4090185, 10.461576, 12.942654, 13.003897]"
parallax,,,,,"[0.5857929706378872, 2.0760674799346797, 2.7263797804333083, 1.9772823359455935, 1.3201218080984192, 1.9549908112115384, 2.100927495906063, 2.217197193999348, 1.993794920322502, 1.8531191777814513, 2.0394574267125116, 1.962823343567971, 2.019692176213879, 1.986206460494971, 1.76468263572364, 1.007291929194731, 1.6262483077992078, 1.9462460450039343, 1.9963231500437841, 1.2187675789907713, 2.1036587585110365, 2.2112387386442225, 2.155204697261435, 0.8979882808076209, 7.94316391619472, 2.0516098336596356, 1.9237394999405244, None, 1.869347883176732, 1.9940473887488166, 2.0191368985614155, 1.9384072433612825, 1.9241728596554344, 4.05347427483112, 1.8719566902184155, 2.0330136360544824, 1.9826352331082204, 1.8474051974283257, 0.8864090238434617, 1.6143431788776204, 2.0515384503060465, 1.9645703081633947, 1.7415985680775927, 2.018797453476119, 2.044822813443019, 0.9529771049304052, 0.018877809751093988, 2.11104913311159, 2.094009363115346, 1.9607019124010625, 2.2683620127239403, 2.131796813153491, 1.9894846078677952, 1.1279939968175305, 0.6519160974936214, 1.9909942308725241, 0.42580291980979273, 1.822668727318403, 0.5654454281990703, 0.12634682783835288, 2.044676312352882, 1.9693887862750785, 3.16846605359628, 1.9013883663646327, 1.8316025896996864, 1.9034032060587427, 1.8848438799000808, 2.033293259278873, 1.6309687418784287, 1.995245287858631, 0.47482857700018394, 1.8291086164491495, 1.957125109598076, 1.9320062422036073, 1.963731275142137, 0.9880940115230383]"
parallax_err,,,,,"[0.0568770158175414, 0.057448671807870624, 0.041660372346432994, 0.04438736077549559, 0.11002775101051478, 0.061446036127730044, 0.12263267051966814, 0.07404287621791673, 0.06298173570122768, 0.07556382699141863, 0.09040045126292154, 0.10240085548332178, 0.06371978530236702, 0.06285748933003447, 0.07617379112134441, 0.04580945776433211, 0.130139333583078, 0.07273447865875128, 0.07368735595097003, 0.06221036067871545, 0.10845201804387011, 0.07180890563468617, 0.06808934592860776, 0.04847072447117561, 0.06124909763079205, 0.10038216220123047, 0.07324179037465578, None, 0.07846410815408245, 0.09919109200232942, 0.1065545214234131, 0.08764859805025031, 0.09308459440515278, 0.06865394228832218, 0.08994699844196001, 0.057260151490836665, 0.07201704196643438, 0.06989190969573172, 0.04190824891810501, 0.07417340720546213, 0.10947946498567876, 0.045314156827058145, 0.0713077134940826, 0.11292249929844991, 0.06894773731564567, 0.12028907114183511, 0.3891584235878619, 0.0685393948884047, 0.04354687134016992, 0.06631756489029213, 0.13194794347860875, 0.11790550534542232, 0.08091768009608868, 0.06527562503404317, 0.09772301440895637, 0.06541900693566498, 0.06277644068408596, 0.06692485200888987, 0.05285502184713506, 0.07067985615060396, 0.06285863683696322, 0.07342585699771462, 0.06949691753614022, 0.09574305294292612, 0.05966330608427535, 0.06889642458327017, 0.04240805570325104, 0.05448547715026772, 0.05871834738662167, 0.057383274564638646, 0.11927783603119264, 0.06671421660306286, 0.04051530495955382, 0.06666202895582157, 0.051651279287391785, 0.05014358904268702]"
pmdec,,,,,"[1.18999853313562, -5.665184255192452, -5.703902604627259, -5.353667579584009, -4.060684031554751, -5.749229498064526, -6.057273645688289, -5.819833619884735, -6.063249597623127, -5.666300029605214, -5.811441717115686, -5.903971156570471, -6.044220444570486, -5.333587676089643, -4.231609227071345, -3.0286012857949367, -5.658434006759149, -5.756880183210535, -5.9153723153335065, -3.4193235629685645, -5.576426781767088, -3.1966442044313466, -6.359869383232998, -1.2640924627146295, -12.968748736758583, -5.367981222900212, -5.589021568652715, None, -6.9083714392201685, -6.896554613147542, -5.060649618842151, -6.154489489256771, -8.275058259113575, -44.82556746273328, -6.611657320779389, -6.380607345140575, -6.066205258380643, -15.449699124827006, -2.9749803337922938, -3.7505268037181057, -6.29526729086699, -7.594154656395988, -5.235412928089799, -5.844071073895666, -5.64585350601263, -5.463641581255786, -5.399768738190967, -7.788359179023116, -6.0261072064942125, -5.927451998411301, -5.963456686579961, -5.9993213871723166, -5.150604393558284, 1.2794816670006843, -0.28385216685166137, -5.518749761209667, -1.4647608478135212, -7.162481671487452, -1.3456122472525671, 0.24392277312042612, -5.438646992335187, -5.829300886054024, -5.361986030186525, -5.814526473818964, -5.176383334479912, -5.768111642453199, -5.197446720714103, -5.579545573535113, -6.0591901151831316, -5.564160297113032, -1.1943144494551938, -5.891677037969887, -5.450557394393163, -5.864582756421505, -15.673526308595122, -6.643932968123716]"
pmdec_err,,,,,"[0.06654448713804684, 0.0637283186670175, 0.04693447288871521, 0.04944369449048257, 0.14406276357973163, 0.07439729888985873, 0.14248115025615646, 0.08207844021407155, 0.07118630619241041, 0.08163763785679248, 0.10266363118123557, 0.11601240853937475, 0.07261833124005138, 0.06976351636771413, 0.07891090695873962, 0.05094817163660641, 0.14380865386647257, 0.07766716703079074, 0.08090118638852892, 0.07474432313199704, 0.11917955358120583, 0.09407701126457182, 0.07959330370066532, 0.05219493856238887, 0.07101105989960678, 0.1080336720675796, 0.09168024570887863, None, 0.1080779579957626, 0.11058602407143492, 0.12575987309820427, 0.09881253076523921, 0.07913308144552873, 0.07640930937129257, 0.09487517158794329, 0.06444441482580136, 0.08045317058254951, 0.0785130403670235, 0.0446515392914409, 0.08587520211599958, 0.12959078557420034, 0.05580420804322451, 0.08882847318949912, 0.11132425550005912, 0.07565160830378907, 0.1328882785902029, 0.5659369888284111, 0.07848182147712075, 0.046714426459374334, 0.07583119135344275, 0.13349950729509893, 0.15241421231393146, 0.0765634711629175, 0.07395417996628775, 0.12952664282334558, 0.07029706606603721, 0.07459327854324443, 0.07382796858198105, 0.05378257292210674, 0.08636488261658563, 0.07373725686436228, 0.08815154790729811, 0.08607236694196266, 0.09855806200957255, 0.07329205975368629, 0.0767440767174236, 0.04555850432296825, 0.055290959277022156, 0.06799360504761727, 0.06833669616027335, 0.0883991150525088, 0.10857311487033054, 0.04366345712377309, 0.08181132356172413, 0.062227010090527585, 0.05866175467500641]"
pmra,,,,,"[0.9060424451452291, 0.8872803491202086, 0.6965258802496084, -0.004286697942583739, 3.3347524359567333, 0.6725302763935337, 1.5286572460474739, 0.40439475203478104, 0.5809965809354836, 0.5563817263356068, 0.7134294486049075, 0.5543173430804034, 1.9199910111184708, 0.8082467990343138, -10.448965166813554, 9.844649957673896, 1.4020624791722318, 0.5044143599436457, 0.6774494119706513, 7.730319628874697, 0.9206721931558259, 1.7793006219335699, -1.1330065774685036, -1.9038393058049814, 47.57760429458001, 1.78583413955816, 0.04900711284609938, None, 1.891615877530138, -0.6349228913502276, 1.6846310686731827, 0.7393957306548882, 18.208609356398096, 10.36503455432519, 0.7396777452927195, 1.1458340951340475, 0.6691414373745581, -1.231050228743901, -1.6325393595200712, 10.010780297977643, 1.2891101116992578, 1.5237324168895017, 0.6339776994399087, 0.4506671479677027, 0.7259554019055499, 2.458800436596817, 1.0977593144751325, 0.07994108414452361, 0.8535758530460698, 0.8171627523949596, 0.5338840324041425, 0.6907040441794037, 1.482878730048042, 2.46856478124094, -3.3864735873058667, 0.6882704148934073, 1.9585722655055295, -1.7103660375918346, -0.009317636245252447, 0.8082890975126156, 0.599172052268363, 0.6342798347202412, -6.59057647077074, 0.8852009243810939, 1.1699697303419583, 0.4944629244925387, 0.2635861157254842, 1.0821735937882146, 1.1701655773151536, 0.5940070961271928, -0.8902402177373406, 0.6177185064523885, 0.5838611856276861, 0.2544185443351905, 12.854683313281015, 2.251121378693128]"
pmra_err,,,,,"[0.07320115833804997, 0.06963139421726561, 0.051454758205414536, 0.04920907465801691, 0.1579825383924311, 0.0769645825687655, 0.14034487846142848, 0.08251664317035515, 0.07704660728377793, 0.08018061933847331, 0.12193711892868016, 0.12832041792879004, 0.08265350121539179, 0.07295119880155129, 0.08647847132244242, 0.05678798664884031, 0.14247885974529773, 0.09626048831806126, 0.08799987802844014, 0.08621762087531734, 0.13398134033928363, 0.10580902856037674, 0.08840849903702466, 0.05850582231812895, 0.07736475711694414, 0.12937351008932543, 0.09146372075856056, None, 0.11394141479628234, 0.12133360342496512, 0.12079613078050362, 0.13182168975934813, 0.09151913799898838, 0.08307315494729998, 0.11053654366809655, 0.06481756959545251, 0.07991834092694043, 0.08585290294311455, 0.052555863608047766, 0.09097238577923598, 0.13105101699833432, 0.05331962552365543, 0.08980078415604618, 0.12283585610730482, 0.0850281493553969, 0.1378977112157478, 0.5882501801001802, 0.08025911008618675, 0.05167355965701022, 0.0929653502254948, 0.15611035191956157, 0.15913484560944072, 0.08021654837498424, 0.07611094815101666, 0.10956960942537017, 0.08237245988821226, 0.06679460019737928, 0.08354621900131595, 0.06859713675286101, 0.08289912604946022, 0.07688887778705485, 0.08769159095399551, 0.08401328161433343, 0.10697326378189989, 0.08829793073584853, 0.07786198006881737, 0.04787174057509989, 0.05713088088876715, 0.08130621709179763, 0.08127665629127988, 0.08672084641283975, 0.1400302674385266, 0.0474459315937834, 0.0896467515296781, 0.07931572292830448, 0.05661523982434551]"
rv,,,,,"[-100.59889926451405, nan, nan, nan, nan, -11.160974407918337, -7.8596043879209745, nan, nan, nan, nan, nan, nan, -7.4443785334300685, 0.7922339985662958, nan, 7.274973739410365, nan, nan, nan, nan, -5.861064583705145, -11.434148695445685, nan, 75.14176930816213, nan, -12.153871992040925, None, nan, nan, nan, nan, nan, nan, nan, nan, nan, 16.07079375797784, nan, -25.149324251484515, nan, -8.463086144243011, nan, -6.775649112057755, -2.037735079575139, nan, nan, nan, nan, -3.0466135091630484, nan, nan, -3.8355275158047917, -32.19554566515566, -40.06296978345246, -7.632652103149402, nan, nan, nan, -22.701868442658192, 2.8993721715904623, 2.8486514698935963, -5.263572128685727, nan, nan, nan, -6.849702181248542, nan, -8.44743261121378, nan, -48.33343377210595, nan, nan, nan, 9.547993889840242, nan]"
rv_err,,,,,"[1.2178838011805806, nan, nan, nan, nan, 1.2710302646613367, 10.48343472088209, nan, nan, nan, nan, nan, nan, 2.539608931143765, 4.031527527564218, nan, 5.438220755940809, nan, nan, nan, nan, 2.7518332734584243, 5.550809522668129, nan, 0.41117084890280287, nan, 4.432367666170795, None, nan, nan, nan, nan, nan, nan, nan, nan, nan, 0.16131270082613677, nan, 0.5147855131915962, nan, 5.0872817021323575, nan, 3.4665887054362177, 4.234944243785504, nan, nan, nan, nan, 11.84081396880942, nan, nan, 5.750361868860177, 1.248232171280127, 0.23447970776436947, 4.640456981624741, nan, nan, nan, 0.5857959516506577, 9.524052133532432, 7.6026016457482015, 1.3517122117330098, nan, nan, nan, 1.666694737517329, nan, 8.810031868248139, nan, 2.6479332532092896, nan, nan, nan, 1.3293477026222946, nan]"
x,"[274.1024, 468.2307, 310.0701, 244.5705, 744.108, 385.5462, 660.9525, 214.9072, 365.9075, 288.0064, 739.9772, 753.32, 192.6592, 304.1977, 833.7944, 598.0658, 332.4543, 769.559, 456.3666, 278.3605, 489.7417, 539.2596, 761.6633, 853.4008, 742.9882, 493.3037, 565.7271, 256.5427, 938.7802, 552.3858, 435.9997, 885.9392, 938.9565, 846.6982, 582.8504, 48.1733, 456.2736, 754.0941, 797.047, 265.8951, 280.5494, 738.8408, 500.5236, 615.4133, 819.2197, 563.8184, 430.9512, 77.1439, 186.8522, 679.796, 591.5093, 582.4489, 500.263, 388.0613, 142.5936, 672.3075, 966.3352, 602.5803, 307.795, 20.6437, 405.6328, 53.6153, 194.0771, 503.1269, 843.3205, 295.5455, 288.0573, 339.9548, 681.5467, 674.3559, 251.8304, 501.1169, 46.125, 903.8457, 225.6601, 28.2429]","[273.888, 468.0207, 309.8074, 244.1103, 743.8588, 385.2664, 660.83, 214.6084, 365.7557, 287.6628, 739.6583, 753.0736, 192.4803, 303.9095, 833.6191, 598.0991, 332.0896, 769.3396, 456.0781, 278.1334, 489.4522, 539.1538, 761.3876, 852.895, 742.7201, 493.0611, 565.5192, 256.2544, 938.5477, 552.0725, 435.7776, 885.6543, 938.8176, 846.4162, 582.6088, 47.7803, 456.0557, 753.7633, 796.5851, 265.6471, 280.3368, 738.551, 500.2892, 615.1117, 819.0098, 563.6813, 430.7121, 76.9028, 186.7334, 679.6432, 591.2742, 582.2028, 500.1099, 387.8811, 142.4104, 672.0724, 966.1296, 602.4629, 307.8678, 20.5168, 405.3831, 53.2894, 193.8299, 503.008, 842.9533, 295.3743, 287.961, 340.0123, 681.3845, 674.2505, 251.6372, 500.9817, 46.0746, 903.5303, 225.4096, 28.1001]","[274.738, 468.9773, 310.4384, 245.0223, 744.6999, 386.0568, 661.5702, 215.3522, 366.3478, 288.4038, 740.5096, 753.8665, 193.1684, 304.6167, 834.4452, 598.815, 332.8537, 770.0902, 456.864, 278.8996, 490.2913, 539.8248, 762.2162, 853.7442, 743.5624, 493.7829, 566.3186, 257.0261, 939.2982, 552.9195, 436.5736, 886.4168, 939.4778, 847.0664, 583.4194, 48.4327, 456.8622, 754.6719, 797.8315, 266.3869, 281.0966, 739.4946, 501.126, 616.077, 819.8572, 564.4267, 431.5289, 77.6351, 187.271, 680.4823, 592.0769, 583.0152, 500.8526, 388.5681, 143.1498, 672.9362, 966.8894, 603.165, 308.3382, 21.3489, 406.1532, 54.1699, 194.5676, 503.7529, 843.9059, 296.1455, 288.6675, 340.7489, 682.178, 674.9437, 252.4133, 501.7252, 46.7148, 904.4417, 226.2165, 28.5977]","[275.2199, 469.3529, 310.8162, 245.552, 745.0577, 386.2368, 662.0382, 215.7339, 366.4571, 288.8266, 740.8046, 754.2116, 193.6389, 305.1123, 834.715, 598.9053, 333.0769, 770.364, 457.0846, 278.8759, 490.5727, 540.2775, 762.6642, 854.369, 743.8558, 493.9813, 566.6561, 257.393, 939.5693, 553.2121, 436.8281, 886.7195, 939.8235, 847.556, 583.7215, 48.8092, 457.1662, 754.9606, 798.353, 266.6447, 281.3828, 739.5638, 501.4436, 616.2499, 820.2528, 564.6569, 431.8073, 78.0807, 187.7438, 680.6568, 592.3086, 583.2592, 501.1025, 388.862, 143.5406, 673.2734, 968.2271, 603.7217, 308.4915, 21.6614, 406.4821, 54.4205, 194.9895, 504.0737, 844.2656, 296.4633, 287.9592, 341.1061, 682.3429, 675.38, 252.7717, 502.0036, 46.2162, 904.7154, 225.4833, 28.9875]","[274.1024, 468.2307, 310.0701, 244.5705, 744.108, 385.5462, 660.9525, 214.9072, 365.9075, 288.0064, 739.9772, 753.32, 192.6592, 304.1977, 833.7944, 598.0658, 332.4543, 769.559, 456.3666, 278.3605, 489.7417, 539.2596, 761.6633, 853.4008, 742.9882, 493.3037, 565.7271, 256.5427, 938.7802, 552.3858, 435.9997, 885.9392, 938.9565, 846.6982, 582.8504, 48.1733, 456.2736, 754.0941, 797.047, 265.8951, 280.5494, 738.8408, 500.5236, 615.4133, 819.2197, 563.8184, 430.9512, 77.1439, 186.8522, 679.796, 591.5093, 582.4489, 500.263, 388.0613, 142.5936, 672.3075, 966.3352, 602.5803, 307.795, 20.6437, 405.6328, 53.6153, 194.0771, 503.1269, 843.3205, 295.5455, 288.0573, 339.9548, 681.5467, 674.3559, 251.8304, 501.1169, 46.125, 903.8457, 225.6601, 28.2429]"
y,"[30.1111, 27.2631, 978.5665, 969.8173, 949.181, 921.3485, 899.9034, 893.4958, 869.0906, 858.515, 828.7774, 816.5275, 833.0648, 831.4443, 811.4441, 780.6961, 769.1962, 749.2961, 721.4183, 721.0934, 634.3985, 636.0782, 613.7895, 595.8957, 583.5696, 574.928, 532.1367, 489.1177, 475.5954, 469.9539, 473.1535, 456.1175, 454.1336, 455.8646, 452.2917, 447.1577, 438.529, 421.632, 418.1153, 412.2777, 401.6858, 409.0884, 392.3923, 388.9687, 359.7153, 347.6464, 344.0222, 336.5941, 336.777, 309.6496, 293.3077, 274.428, 299.7235, 300.3367, 280.6656, 280.2843, 268.369, 249.1017, 248.0362, 243.9376, 235.9711, 213.1861, 200.9616, 184.8962, 186.7269, 184.0935, 171.5839, 184.4302, 172.0368, 137.9189, 105.3506, 102.9908, 103.0509, 53.6836, 41.1473, 1018.6968]","[30.8757, 28.0827, 979.1812, 970.4356, 949.8141, 921.9789, 900.5204, 894.131, 869.6689, 859.2185, 829.4274, 817.218, 833.6217, 832.1874, 812.1461, 781.3443, 769.8152, 749.9029, 722.0217, 721.7785, 635.063, 636.804, 614.1745, 596.2859, 584.1792, 575.5753, 532.6914, 489.8012, 476.1697, 470.601, 473.8444, 456.7476, 454.7512, 456.4969, 452.9183, 447.7887, 439.241, 422.2799, 419.1935, 413.0591, 402.4659, 409.7974, 393.1066, 389.6981, 360.3166, 348.3423, 344.7761, 337.3306, 337.4063, 310.3838, 294.047, 275.1984, 300.4248, 301.0532, 281.4104, 280.9952, 269.3178, 249.8257, 248.8356, 244.677, 236.7997, 213.8114, 201.6967, 185.6617, 187.4992, 184.9105, 172.231, 185.247, 172.8449, 138.6651, 106.0784, 103.724, 103.8766, 54.4202, 41.9902, 1019.2824]","[30.2748, 27.2739, 978.6867, 969.597, 949.1085, 921.2918, 899.7839, 893.4264, 869.0297, 858.4347, 828.7126, 816.4434, 833.0135, 831.4655, 811.4734, 780.7012, 769.1198, 749.1753, 721.3199, 720.9509, 634.2495, 635.968, 613.5682, 595.7039, 583.3821, 574.8467, 531.946, 489.0416, 475.4439, 469.8667, 473.1088, 456.0318, 454.0203, 455.7676, 452.2037, 447.0742, 438.5023, 421.5366, 418.0989, 412.2597, 401.6828, 408.8732, 392.3161, 388.9382, 359.5467, 347.5651, 344.0197, 336.6523, 336.6666, 309.7277, 293.3499, 274.4805, 299.6957, 300.3944, 280.6982, 280.3673, 268.2099, 249.1699, 247.9253, 243.9848, 235.9731, 213.1689, 201.0265, 185.0147, 186.7455, 184.1813, 171.6941, 184.5659, 172.1525, 137.9975, 105.4364, 103.0503, 103.0497, 53.7224, 41.1272, 1018.5847]","[29.8051, 26.7196, 978.7046, 968.87, 948.661, 920.8436, 898.9294, 892.9421, 868.5161, 857.9703, 828.3707, 816.0119, 832.5377, 831.0877, 811.0728, 780.3917, 768.6272, 748.7784, 720.9407, 720.4858, 633.8545, 635.6527, 612.8066, 595.3958, 582.9023, 574.4301, 531.5966, 488.815, 475.0825, 469.4232, 472.6765, 455.6166, 453.6276, 455.2986, 451.8118, 446.6119, 438.1453, 421.1799, 417.5026, 411.735, 401.2872, 408.389, 391.871, 388.3703, 359.2646, 347.0617, 343.5887, 336.1765, 336.5077, 309.1918, 292.9103, 274.0262, 299.2592, 300.1727, 280.2787, 280.3864, 267.7729, 248.8372, 247.7953, 243.845, 235.5498, 212.6941, 200.6385, 184.5416, 186.2861, 183.7353, 170.7571, 183.804, 171.9568, 137.4847, 105.0121, 102.6511, 103.4335, 53.2248, 40.6403, 1018.6086]","[30.1111, 27.2631, 978.5665, 969.8173, 949.181, 921.3485, 899.9034, 893.4958, 869.0906, 858.515, 828.7774, 816.5275, 833.0648, 831.4443, 811.4441, 780.6961, 769.1962, 749.2961, 721.4183, 721.0934, 634.3985, 636.0782, 613.7895, 595.8957, 583.5696, 574.928, 532.1367, 489.1177, 475.5954, 469.9539, 473.1535, 456.1175, 454.1336, 455.8646, 452.2917, 447.1577, 438.529, 421.632, 418.1153, 412.2777, 401.6858, 409.0884, 392.3923, 388.9687, 359.7153, 347.6464, 344.0222, 336.5941, 336.777, 309.6496, 293.3077, 274.428, 299.7235, 300.3367, 280.6656, 280.2843, 268.369, 249.1017, 248.0362, 243.9376, 235.9711, 213.1861, 200.9616, 184.8962, 186.7269, 184.0935, 171.5839, 184.4302, 172.0368, 137.9189, 105.3506, 102.9908, 103.0509, 53.6836, 41.1473, 1018.6968]"
